{
  "mae": 150.8729220284837,
  "rmse": 177.78962001018579,
  "mape": 2.9023437438572683,
  "smape": 2.9085382028852496,
  "r2_score": 0.8393459421933687,
  "explained_variance": 0.839621441947374,
  "within_20pct": 1.0,
  "within_10pct": 1.0,
  "bias": 7.36242967849239,
  "median_ae": 144.90207855096332,
  "max_error": 378.9293997121067,
  "test_samples": 14,
  "mean_actual": 5307.214285714285,
  "mean_predicted": 5314.576715392779
}