{
  "accuracy": 0.8048780487804879,
  "precision": 0.8048780487804879,
  "recall": 1.0,
  "f1_score": 0.8918918918918919,
  "roc_auc": 1.0,
  "threshold": 0.5
}