{
  "mae": 24.551711773251586,
  "rmse": 36.86682622522325,
  "mape": 2.0779793621016998,
  "smape": 2.066010881972953,
  "r2_score": 0.9904187352739977,
  "explained_variance": 0.9905233537537139,
  "within_20pct": 1.0,
  "within_10pct": 1.0,
  "bias": 3.852374809557104,
  "median_ae": 16.825458957447665,
  "max_error": 145.61726095973972,
  "test_samples": 84,
  "mean_actual": 1095.2762320041859,
  "mean_predicted": 1099.1286068137433
}